spectrum_files	id_params	sample	replicate	output_folder   raw	tol	
http://genesis.ugent.be/pladipus/examples/sequence_database_search/mgf/3799_extracted.mgf.zip	http://genesis.ugent.be/pladipus/examples/sequence_database_search/parameters/3799_extracted.par	assay_3799	1	/mnt/pladipus/Pladipus/GENESIS_OUTPUT/assay_3799
http://genesis.ugent.be/pladipus/examples/sequence_database_search/mgf/2674_extracted.mgf.zip	http://genesis.ugent.be/pladipus/examples/sequence_database_search/parameters/2674_extracted.par	assay_2674	1	/mnt/pladipus/Pladipus/GENESIS_OUTPUT/assay_2674
http://genesis.ugent.be/pladipus/examples/sequence_database_search/mgf/9330_extracted.mgf.zip	http://genesis.ugent.be/pladipus/examples/sequence_database_search/parameters/9330_extracted.par	assay_9330	1	/mnt/pladipus/Pladipus/GENESIS_OUTPUT/assay_9330
http://genesis.ugent.be/pladipus/examples/sequence_database_search/mgf/8878_extracted.mgf.zip	http://genesis.ugent.be/pladipus/examples/sequence_database_search/parameters/8878_extracted.par	assay_8878	1	/mnt/pladipus/Pladipus/GENESIS_OUTPUT/assay_8878
http://genesis.ugent.be/pladipus/examples/sequence_database_search/mgf/3679_extracted.mgf.zip	http://genesis.ugent.be/pladipus/examples/sequence_database_search/parameters/3679_extracted.par	assay_3679	1	/mnt/pladipus/Pladipus/GENESIS_OUTPUT/assay_3679
